17324616,Langnes
17324662,"Langenes, Finnmark"
17324672,"Langnes, Troms"
17324677,List of Scottish Football League clubs
17324689,Houstonia longifolia
17324695,"Committee for Culture, Arts and Leisure"
17324702,No W
17324704,"Lomita Park, California"
17324721,Malverde (musician)
17324736,An Awfully Big Adventure
17324747,Canada Science and Technology Museum
17324758,Langenæs
17324768,1972–73 St. Louis Blues season
17324783,1974–75 St. Louis Blues season
17324788,International cricket in 2008–09
17324790,1987–88 St. Louis Blues season
17324802,1988–89 St. Louis Blues season
17324816,Korphe
17324818,1991–92 St. Louis Blues season
17324823,1992–93 St. Louis Blues season
17324834,Ming-Jun Lai
17324835,"Langenes, Vestland"
17324893,1972–73 New York Rangers season
17324908,LongPen
17324943,"Cedarcroft, Baltimore"
17324966,Bay Island
17324968,1999–2000 New Jersey Nets season
17324993,2002–03 New Jersey Nets season
17325007,GLITS
17325011,1975–76 New York Nets season
17325025,Great Observatories Origins Deep Survey
17325030,Physician Data Query
17325072,National Geographic Institute (Belgium)
17325082,Filip Polášek
17325121,Margaret Woodbury Strong
17325123,Alvin Colt
17325132,Warehouse 13
17325143,Jacinto-class patrol vessel
17325174,Vy bus4you
17325181,HTC Touch Diamond
17325195,Incredible (Clique Girlz album)
17325203,The Dangerous Flirt
17325223,House Office Building Commission
17325234,Kirill Yevstigneyev
17325239,1904–05 Southern Football League
17325258,Bede Wing
17325260,Rob Kardashian
17325265,2003 Men's European Water Polo Championship
17325354,Pacific Airways
17325363,Torneo República
17325370,Serbia Zijin Bor Copper
17325393,Silk Stocking Sal
17325396,Jeff Bates (technologist)
17325401,"Teoc, Mississippi"
17325431,Coláiste Chraobh Abhann
17325448,The Werewolf of Ponkert
17325461,Diana McIntosh
17325491,"See You, See Me"
17325502,Capetus (amphibian)
17325553,List of Marvel 1602 characters
17325576,Barry Day
17325580,2008–09 Cleveland Cavaliers season
17325600,St. Charles Convention Center
17325611,Rexford Orotaloa
17325625,Furryville
17325657,Officinalis
17325661,Marathon Technologies
17325668,Peter Madden (footballer)
17325678,The Mystic
17325753,Biesterfeld (disambiguation)
17325759,"The Greenwood School (Putney, Vermont)"
17325776,Acheloma
17325777,List of ambassadors of the United States to Croatia
17325798,"Aikawa, Niigata"
17325810,"Sawata, Niigata"
17325828,"Ogi, Niigata"
17325841,9-Aminoacridine
17325858,Versicolor
17325862,Dollar Down
17325874,Newton D. Baker House
17325896,John Watson's Institution
17325902,Lippe-Biesterfeld
17325904,Barren Island (Maryland)
17325914,Esek Hopkins House
17325919,Mark Schwed
17325937,2008–09 Detroit Pistons season
17325947,For a European Serbia
17325989,Mary Ann Shadd Cary House
17326006,Frank Genese
17326023,International Arctic Buoy Program
17326036,2008–09 Indiana Pacers season
17326057,Capitosaurus
17326119,Ezra Stiles House
17326130,2008 Masters Series Hamburg – Singles
17326149,12 (Keller Williams album)
17326167,Safi Faye
17326179,"John Mogg, Baron Mogg"
17326184,Indulekha.com
17326196,2008 Masters Series Hamburg – Doubles
17326215,Logical spreadsheet
17326228,History of structural engineering
17326234,Lyot
17326268,Army and Navy YMCA
17326275,Lohse
17326286,Theory of everything (disambiguation)
17326290,NSDAP/AO (1972)
17326302,Buster Adams
17326311,Washington Redhawks
17326318,David Simons
17326321,ABC Wide Bay
17326366,Mark Kennedy
17326391,Artillery Park
17326407,Ning Chunhong
17326413,Jim Adams (baseball)
17326416,Betsan Powys
17326435,HyperStudio
17326445,List of colleges and universities in Bacolod
17326468,Bailey Farm
17326482,Zhang Jilin
17326487,Dyce (disambiguation)
17326499,Climate of Ireland
17326515,Maxine
17326520,Yoakim Gruev
17326550,1983 Calder Cup playoffs
17326559,Frontline (The Bill)
17326562,Sibson
17326580,Recount (film)
17326591,Huo Jianqi
17326609,Roman Steinberg
17326611,Benjamin Barker House
17326614,How Do You Solve a Problem Like Maria? (Canadian TV series)
17326619,Nabendu Ghosh
17326621,Gu Xiaobing
17326640,Remember the Day (album)
17326648,List of awards received by CeCe Winans
17326659,CEC Bank
17326663,La Sonnambula (Balanchine)
17326667,Ninole Hills
17326671,Charles H. Baldwin House
17326681,1955–56 St. Louis Hawks season
17326685,Aslı Gökyokuş
17326687,Sword (comics)
17326690,2008 California Proposition 4
17326705,"San Bernardo, Durango"
17326732,Asli
17326743,David Sadler (yacht designer)
17326784,Chase Hoyt
17326786,Clarke Street Meeting House
17326791,Alrafidain University College
17326815,River to River Festival
17326841,Palmerston-Little Italy
17326871,2008 Tamworth Borough Council election
17326881,Sadler 25
17326897,Tiverton Four Corners Historic District
17326903,Henry Granville Sharpe
17326905,"Louis, Count of Vermandois"
17326949,Henry Sharpe
17326956,localhost (disambiguation)
17326970,Rick Metsger
17326979,DePauw Avenue Historic District
17327009,Maryland Route 189
17327014,Television Preview
17327020,Eisenhower House
17327032,Chaff on the Wind
17327035,Antoine Béclère
17327090,Alberta Heart Institute
17327112,Greek diacritics
17327122,Juan Godínez
17327124,Vamaj
17327234,Lee International
17327236,Secnidazole
17327260,2008–09 2. Bundesliga
17327264,2009–10 2. Bundesliga
17327291,Conanicut Island Light
17327326,Badway Green
17327367,Bad title
17327371,2005 Lincolnshire County Council election
17327372,Genaro Vázquez Rojas
17327377,Manchurian revival
17327378,Balla et ses Balladins
17327394,Emmy Noether bibliography
17327417,Abraham S. Luchins
17327421,Sakonnet Light
17327426,Council of American Maritime Museums
17327434,George Chapman (disambiguation)
17327458,2008–09 in Scottish football
17327466,Czechs in the United Kingdom
17327479,VT-27
17327485,Castle of Leiria
17327501,Lists of habeas petitions filed on behalf of War on Terror detainees
17327513,Kjellgren Kaminsky Architecture
17327553,Diego Capusotto
17327565,Bakestone Moor
17327582,International Congress of Maritime Museums
17327583,Demet Akalın
17327598,Bamyaw
17327611,Chechin
17327621,Chiglai
17327630,Chih-ko
17327644,Open textbook
17327662,Block Island North Light
17327666,M43 motorway (Hungary)
17327674,Verba (surname)
17327678,1979 Copa Libertadores
17327699,Grosvenor Shopping Centre
17327726,Tariq Niazi
17327736,Home Farm Twins
17327776,Mats Zuccarello
17327800,Wrestling at the 1992 Summer Olympics – Men's freestyle 52 kg
17327808,2007–08 LEN Euroleague
17327832,Babe Winkelman
17327833,Regimental Aid Post
17327834,Chikgaw
17327836,2008 Lebanon conflict
17327838,List of mountains in China
17327841,Chiloi
17327843,Johan Bobäck
17327845,The Firefly (operetta)
17327849,Chu-iho
17327855,Plum Beach Light
17327857,Chyangzan
17327865,Vice President of Russia
17327876,Chyingtaw
17327892,Chyinhtaung
17327899,Gawlamten
17327902,Adrian Clarke (photographer)
17327910,Hellman &amp; Friedman
17327911,Hittitology
17327915,"Madness, Sadness, Gladness"
17327923,Poplar Point Light
17327928,"Maple, Bailey County, Texas"
17327974,"Maple, Red River County, Texas"
17328019,Ricardo Caputo
17328047,Energy Resources Conservation Board
17328053,1967 Copa Libertadores
17328064,The Shack (Young novel)
17328074,Johnny Marr guest musician recordings
17328086,Conimicut Light
17328098,Put a Girl in It
17328100,Lachie Munro
17328104,Dabhol
17328116,Abdul-Rahman al-Barrak
17328125,Barlborough Common
17328128,Alexandre Quennoz
17328173,Helen Luz
17328185,Francis Sibson
17328195,Yashaswi
17328198,Donald Forbes
17328201,Trifid
17328206,Alan Dunn
17328210,Castello di Lunghezza
17328216,David Rudisha
17328223,El Maresme – Fòrum (Barcelona Metro)
17328225,Ebrahim Seifpour
17328228,Warwick Light
17328241,Tbilisi Sports Palace
17328254,Jean Machi
17328259,Ondine (ballet)
17328262,Frank Moher
17328267,Ralph C. Smith
17328296,Lyndon Trott
17328313,Vivi Zigler
17328319,Roger Bernadina
17328337,Mark Worrell
17328343,Ziniaré Department
17328358,Windmill Hill Historic District
17328375,A Slice of Life (short story)
17328400,Zitenga Department
17328404,West Sussex County Council
17328409,Ann Taylor Allen
17328412,Trox contractus
17328417,National Unified Leadership of the Honduran Revolutionary Movement
17328423,Devon County Council
17328425,Viscoplasticity
17328450,Cumbria County Council
17328482,President's House (Naval War College)
17328491,Roneat dek
17328514,Glyptotrox foveicollis
17328518,Critical Watch
17328549,Glyptotrox frontera
17328563,Modulating retro-reflector
17328574,Hadath El Jebbeh
17328580,Trox gemmulatus
17328594,Guido Vincenzi
17328605,Lyalintsi
17328610,Kilmarnock Standard
17328613,Collingbourne railway station
17328618,Glyptotrox hamatus
17328619,"Mastung, Pakistan"
17328646,Trox plicatus
17328652,A Golden Anniversary Bibliography of Edgar Rice Burroughs
17328666,WriteGirl
17328698,454th Bombardment Group
17328710,Michigan Limestone and Chemical Company
17328762,Eric Villalon
17328764,"United Congregational Church (Newport, Rhode Island)"
17328790,In the Rain
17328792,"Christ School, Bangalore"
17328799,Christ School
17328826,David E. Carter
17328838,Thomas Martin Easterly
17328844,Tadim
17328847,Master of the Imhoff Altar
17328858,Sid Kuller
17328914,Confederación Nacional de Trabajadores (1952)
17328927,Collingbourne Kingston Halt railway station
17328928,Spanish cruiser Isla de Luzón
17328929,Operation Sudden Fall
17328933,Boyd's Windmill
17328938,Sports league ranking
17328940,Gawyawm
17328944,Carlos Robalo
17328957,Hkamkawn
17328964,Buyruk (Shabak)
17328971,Hkasuhpa
17328976,Styrene oxide
17329017,Prodancha
17329020,Hkayazahkuso
17329031,The Bird's Nest (house)
17329032,Hkinchit
17329040,Extreme Justice (film)
17329046,Kjartan Haugen
17329052,Sci-Fi on the Rock
17329053,IPE Quero Quero
17329062,Nuit (song)
17329076,Hpare
17329085,Haslet (disambiguation)
17329097,81st Fighter Squadron
17329103,Hpyithpyaw
17329108,Verneda (Barcelona Metro)
17329115,"Migron, Mateh Binyamin"
17329120,Htangprai
17329145,Angela Zimmerman
17329164,Bourne Mill
17329192,Haslett (surname)
17329204,Ernst Bolldén
17329205,Peroxybenzoic acid
17329219,Beppe Gambetta
17329235,Tame bear
17329236,Francisco Martins Rodrigues
17329238,Clambake Club of Newport
17329265,Kris Jenner
17329284,1994 NHK Trophy
17329288,Roderick Moore
17329299,1992 Kansas State Wildcats football team
17329339,Vallcarca metro station
17329360,Paola Fantato
17329364,Primera División de México Apertura 2008
17329365,Arnold Callin
17329380,The Sorrows of an American
17329396,Pleasant View School for the Arts
17329400,Maggie Cronin
17329414,Percy Vear
17329428,Conanicut Battery
17329434,A Gent from Bear Creek
17329437,Slovene Society
17329441,Jonas Jacobsson
17329459,1960 United States presidential election in California
17329484,Central Democratic Association
17329496,Democratic Association
17329502,Vallcarca i els Penitents
17329535,Cook–Bateman Farm
17329548,Holger Nikelis
17329552,Spanish gunboat Marques del Duero
17329566,1995 NHK Trophy
17329587,Nucleotide universal IDentifier
17329600,Astronautalis
17329612,Michael Arbuthnot
17329625,Monna Bell
17329694,Wreck Sites of HMS Cerberus and HMS Lark
17329709,1982 Calder Cup playoffs
17329712,"Pablo Aguilar (footballer, born 1987)"
17329727,Buffalo Sharks
17329753,Jean-Mickaël Raymond
17329763,Cintra (disambiguation)
17329798,Big Noise from Winnetka
17329833,Search cost
17329855,Hurricane Alma (1996)
17329859,Hadath (disambiguation)
17329872,Sintra (disambiguation)
17329906,1996 NHK Trophy
17329930,Roneat thung
17329949,179th Fighter Squadron
17329952,Hillary 4 U and Me
17329954,Pieces of a Man
17329963,Ephraim Kingsbury Avery
17329988,Sarah Cornell
17329993,Sarah Maria Cornell
17330035,"Mindon, Myanmar"
17330042,Pratt's sign
17330069,2007 ABC Supply Company A.J. Foyt 225
17330081,Josh Mandel
17330089,West wind (disambiguation)
17330097,2008–09 Liga de Honra
17330101,152nd Regiment
17330103,Witherbee School
17330106,Issoire Iris
17330117,Zhang Yibai
17330137,Pisnia zavzhdy z namy
17330162,153rd Regiment
17330191,154th Regiment
17330215,Jamestown Windmill
17330218,Barry Mills (college president)
17330261,Gifting remittances
17330262,Black River Wildlife Management Area
17330308,Yonah Martin
17330316,Luis de Florez
17330329,Bernard Ngumba Irungu
17330369,Fun-Plex
17330400,Michler's ketone
17330408,Roger Howell Jr.
17330517,1466 Mündleria
17330527,Arcángel
17330528,Jean-Antoine Carrel
17330551,European grouping of territorial cooperation
17330555,1513 Mátra
17330564,Mallu Magalhães
17330576,1534 Näsi
17330578,Pipiwai
17330598,Will Atkinson (musician)
17330632,1563 Noël
17330652,1565 Lemaître
17330669,15811 Nüsslein-Volhard
17330683,1608 Muñoz
17330698,22nd Punjab Infantry
17330749,5th Mahratta Light Infantry
17330765,Kevin Gibbens
17330802,List of committees of the Northern Ireland Assembly
17330808,41st Dogras
17330811,Napoleon Community Schools
17330813,"ENSCO, Inc."
17330825,Perveance
17330888,Willem Brakman
17330939,Jean-Michel Bazire
17330946,Thomas H. Lee (businessman)
17330977,Papatoetoe Wildcats
17331035,Lee Powell (footballer)
17331040,List of number-one singles of 1955 (France)
17331056,Dropship
17331060,Eamonn Keane (weightlifter)
17331064,Lee Powell
17331072,Georgios Gazis
17331087,Surbiton Trophy
17331109,The Prophet Returns
17331127,JK 96 helmet
17331151,Wrestling at the 1920 Summer Olympics – Men's Greco-Roman featherweight
17331162,Wave-formed ripple
17331227,"Faculty of Teacher Education, University of Zagreb"
17331235,Roberto Bonet
17331247,Jochen Schweizer
17331271,Vivan Bhatena
17331272,169 Squadron
17331287,Lutes (surname)
17331321,Martin Reeves
17331367,Hughes bore hole
17331379,Jung Bu-kyung
17331423,Lakshmisa
17331427,Stuart Wilson
17331431,Lute (disambiguation)
17331461,Pa' Que la Pases Bien
17331471,Your Smiling Face
17331490,Sylvain Saudan
17331514,North Yorkshire County Council
17331524,Norfolk County Council
17331526,Garibaldi Névé
17331542,John Hilton
17331552,My Name Is America
17331599,Lau clan
17331607,Lincolnshire County Council
17331626,John Simpson (police official)
17331649,Libral standard
17331655,Styrian Armoury
17331668,Keokuk's Reserve
17331675,353 North Clark
17331749,1985 Major League Baseball strike
17331755,Pietro Lombardi (wrestler)
17331799,Durham County Council
17331889,Adam Steinhardt
17331890,Liver kidney microsomal type 1 antibody
17331894,Turkey national under-17 football team
17331964,Lajos Kozma
17331978,Stuart Wilson (footballer)
17331985,WMUP
17332008,Yushania alpina
17332013,Copenhagen Studies in Indo-European
17332035,Karen Johnson (violinist)
17332067,Parklawn
17332148,WUPG
17332175,Collaborative Fusion
17332196,Heart of England
17332264,"Swanton, Maryland"
17332273,Evolution of color vision
17332275,List of number-one singles of 1956 (France)
17332289,USS PC-1179
17332374,LDRSHIP
17332409,Jaffery Sports Club Ground
17332421,Dr. Charles Cotton House
17332447,Department of Main Roads (New South Wales)
17332482,Ruaraka Sports Club Ground
17332518,Marisa Sannia
17332539,William King Covell III House
17332544,General Federation of Women's Clubs Headquarters
17332558,Simba Union Ground
17332706,Mombasa Sports Club
17332733,Guiles v. Marineau
17332750,List of railway stations in Kazakhstan
17332785,WaveMaker
17332795,Róbert Ilosfalvy
17332797,USSU
17332810,Farnham Farm
17332815,Mummer (disambiguation)
17332816,The Pity Party
17332831,2486 Metsähovi
17332845,2590 Mourão
17332856,Kangetsukyō Station
17332858,Nigel Shadbolt
17332896,Momoyama-minamiguchi Station
17332959,James Tomkins
17332967,Kowata Station
17332989,Martin Keamy
17333006,Ōbaku Station
17333045,Mimurodo Station
17333088,Uji Station (Keihan)
17333142,Gregory Deyermenjian
17333151,Cable-hachimangū-sanjō Station
17333155,Kasper Niesiecki
17333177,Fort Barton Site
17333184,Karl G. Heider
17333217,Percy Sladen
17333229,Miyanosaka Station (Osaka)
17333261,Hoshigaoka Station (Osaka)
17333322,Peruman railway accident
17333325,3131 Mason-Dixon
17333366,KBUR
17333398,Nurocyon
17333539,Political positions of Ronald Reagan
17333581,Variations of Australian rules football
17333598,Blaque by Popular Demand
17333620,Venus Smiles
17333631,Percy Sladen Memorial Trust
17333632,Defiance (EP)
17333634,Cloud County Veterans Memorial
17333640,Beaubears Island
17333662,Stern
17333664,Jose Feria
17333665,Kichlu
17333702,Henry Lau
17333731,List of Apiaceae genera
17333739,Mosynopolis
17333790,Beechwood High School
17333796,Second Time Around (film)
17333828,"History of soccer in Newcastle, New South Wales"
17333942,Manuela Azevedo
17333951,Keletigui et ses Tambourinis
17334004,Puisque tu pars
17334007,Wrestling at the 1920 Summer Olympics – Men's Greco-Roman lightweight
17334025,Eddy Arnold discography
17334033,Tactical victory
17334094,Reservation poverty
17334095,Wallabi Limestone
17334108,"Neighbors: The Destruction of the Jewish Community in Jedwabne, Poland"
17334130,Truman G. Yuncker
17334190,Utricularia macrocheilos
17334193,2005 San Jose Stealth season
17334206,Enrique Bologna
17334207,Carleton Village
17334214,8th Estonian Rifle Corps
17334262,Gealtacht Mael Mórdha
17334264,Against the Current
17334291,Split Lip Rayfield (album)
17334297,List of reservoirs by volume
17334301,Social photography
17334339,Notre Dame-Siena College of Polomolok
17334342,Théodore Herpin
17334365,Anataboshi
17334375,Geoffrey L. Smith
17334417,Jim Miller (film editor)
17334422,Hayden Mountain
17334430,Kenny Wollesen
17334432,Marty O'Neill
17334438,Faggot cell
17334494,41st Combined Arms Army
17334496,Fleet carrier
17334508,41st Army
17334510,Perpich v. Department of Defense
17334512,4432 McGraw-Hill
17334513,In the Mud
17334536,John Markert (physicist)
17334573,"Jim Adduci (baseball, born 1959)"
17334584,George Butler (record producer)
17334608,John Hilliard (artist)
17334609,Golden Gate Theater
17334610,John Hilliard
17334617,2004 Wilkes-Barre/Scranton Pioneers season
17334619,FV300 Series
17334634,gamma-L-Glutamyl-L-cysteine
17334637,Jesse Selengut
17334640,KBBG
17334644,William S. Livingston
17334666,12345
17334684,Arkansas–Texas A&amp;M football rivalry
17334700,Jalan Segambut
17334704,Bethany College (Saskatchewan)
17334727,Never Make It Home
17334759,Harry Atkinson (baseball)
17334799,Fording Canadian Coal Trust
17334823,Should Have Seen It Coming
17334827,2008 in Paraguayan football
17334832,Athgo
17334845,Jalan Imbi
17334860,"Pilgrim Lutheran School, Chicago"
17334862,Karl Ludwig von Phull
17334863,List of University of Pittsburgh buildings
17334869,Cressie
17334913,BNU
17334928,Ghukasyan
17334931,Sámuel Brassai
17334941,Brandon Patton
17334966,Sodium-dependent neutral amino acid transporter B(0)AT1
17335005,List of community college football programs
17335009,Jan van Koningsveld
17335011,Amino acid transport disorder
17335012,Courser (disambiguation)
17335018,Strule Arts Centre
17335019,Bois Blanc Lighthouse
17335028,Stay a Little Longer
17335062,David Banner discography
17335064,Jaguar 420 and Daimler Sovereign (1966–1969)
17335075,James Ford Bell Library
17335086,Blister (disambiguation)
17335091,Wingate Hayes
17335101,Gert Mittring
17335111,Robert Dutil
17335115,Flanagan High School
17335172,Enerplus
17335178,Pfuel
17335185,1978 Major League Baseball All-Star Game
17335195,Lahore Chamber of Commerce &amp; Industry
17335199,Johan Vandewalle
17335204,Torneo Apertura 2008 (Paraguay)
17335208,Wilhelm Heinrich von Grolman
17335234,Heidi Victoria
17335241,The Pride of Bear Creek
17335261,Adam Karrillon
17335265,Two and a Half Deaths
17335269,Levi H. Gale House
17335271,2007 Belarusian Premier League
17335283,NNC 63-0532
17335289,Time of Remembrance and Reconciliation for Those Who Lost Their Lives during the Second World War
17335291,Kyle Pennington
17335315,1976 Major League Baseball All-Star Game
17335316,Greenvale Farm
17335323,Ross Fiscus
17335325,Blister (Portuguese band)
17335331,Geno DeMarco
17335337,Issoire Silène
17335344,John R. Cummins Farmhouse
17335357,Herinnering aan Holland
17335369,Gardiner Pond Shell Midden
17335370,Robert Park (American football)
17335380,IRGC Fajr
17335381,Armin Scheurer
17335388,Inborn errors of renal tubular transport
17335402,Horsehead–Marbella
17335426,Bakersfield Community Theatre
17335448,Scott Brinker
17335449,Adderly Fong
17335456,The Irish Post
17335461,Greg Bautzer
17335463,Hazard Farmstead (Joyner Site RI-706)
17335484,Vasile Dîba
17335492,Max Holm
17335496,2008–09 Arsenal F.C. season
17335499,Joseph Hicks House
17335512,James Ford Bell Lecture
17335513,Bad title
17335515,Gene Sullivan (American football)
17335534,Hamilton Hoppin House
17335537,The Business of Being Born
17335555,New Croton Aqueduct
17335572,Édgar Eusebio Millán Gómez
17335573,Jamestown Archeological District
17335592,Amoene van Haersolte
17335602,Yani Tseng
17335615,5'-Guanidinonaltrindole
17335641,Technical Design Labs
17335649,Nikolai Korzhenevskiy
17335665,Ben Haim
17335679,First Lady of Paraguay
17335684,Lyman C. Josephs House
17335705,Stick to Your Guns (band)
17335751,Luce Hall
17335770,Sudama Panday 'Dhoomil'
17335830,Hunter Island (British Columbia)
17335834,Dominion Rules
17335847,Sidney Island
17335858,2008–09 Queens Park Rangers F.C. season
17335862,Kai Hesse
17335886,Bartosz Salamon
17335890,Saori Kondo
17335944,Mike Costin
17335947,Same Sex Marriage (Prohibition) Act 2013
17335964,1969 CONCACAF Championship qualification
17335975,Climate of Argentina
17336021,The Mavericks discography
17336029,Bindass
17336032,Potato cannon
17336034,Dutch Island Light
17336037,Dominion Rules Licence
17336069,Hallopodidae
17336073,Margaret Fink
17336077,Reynir Böðvarsson
17336117,List of ALMA de México destinations
17336122,Camayenne Sofa
17336137,Black Mass Krakow 2004
17336162,"Queen's Park, New Westminster"
17336212,The Silver Chamber of Sorrows
17336221,Christopher J. H. Wright
17336241,Bandid Jaiyen
17336267,Mrs. Mike
17336319,Burntheath
17336327,Krimson Creek
17336355,Michael Black (judge)
17336370,2007–08 Belarusian Cup
17336372,IAI Nammer
17336397,Melanocyma
17336410,Burley Hill
17336439,George Percy Bargery
17336463,Alpay
17336469,HIDPoint
17336491,Genetic history of the British Isles
17336519,Mannix (disambiguation)
17336523,Descriptive interpretation
17336524,Mean (disambiguation)
17336527,PRO-IP Act
17336538,Postkodmiljonären
17336549,William Stickney (board of directors member)
17336563,Hapoel Holon B.C.
17336600,AM-087
17336709,John Croker
17336713,"Miranda Municipality, Mérida"
17336717,Negative value
17336718,Desert Garden Conservatory
17336734,Popper and After
17336756,Cemetery Circuit
17336774,AMG-3
17336871,Fiocco (group)
17336882,Reina Cristina
17336889,PhotoPerfect
17336890,Michalis Koumbios
17336896,AMG-36
17336898,"National Register of Historic Places listings in Charleston County, South Carolina"
17336937,List of people with the Korean family name Lee
17336959,Bowshaw
17336962,Jason Scobie
17336965,Kim Byung-joo
17336967,Der Trompeter von Säckingen
17336971,Neha Oberoi
17336978,Marques del Duero
17336983,List of people with the Korean family name Kim
17337002,Isla de Cuba
17337024,Skimmia japonica
17337025,Inamura
17337040,Elahi Ardabili
17337043,Diffuse panbronchiolitis
17337055,Isla de Luzon
17337082,Space Jam (video game)
17337094,Skimmia arborescens
17337101,Twister...Ride it Out
17337102,Old Man Logan
17337105,Rich Umphrey
17337139,"Argos Hill Mill, Mayfield"
17337160,Carl Ribbe
17337167,Skimmia laureola
17337171,Where Did They Go (album)
17337209,2008–09 U.S. Città di Palermo season
17337217,University of Diyala
17337220,2008 Bolivian vote of confidence referendum
17337234,Distilleries Company of Sri Lanka
17337242,Northeast JC Football Conference
17337243,Kaoru Mfaume
17337247,Queen of Hearts (TV play)
17337250,Lagrima
17337267,Asita
17337276,2008–09 Derby County F.C. season
17337278,Elizabeth Craft and Sarah Fain
17337296,Forbidden Colours (song)
17337304,Skimmia anquetilia
17337305,Strategic Cooperation Agreement
17337312,Blue-spotted hawker
17337330,2008 UEFA European Under-17 Championship squads
17337334,Early Bird (short story)
17337367,Rachel Tucker
17337377,Madghacen
17337403,Greatest Hits: Limited Edition (Tim McGraw album)
17337404,Misari Regatta
17337410,"Milang, South Australia"
17337419,Jack Carmody
17337439,The Janus Man
17337448,AMG-41
17337461,Jordi Camí
17337466,Graphium weiskei
17337468,Midwest Football Conference (NJCAA)
17337494,Beautiful Life (Doc Walker album)
17337509,"David Williams (rugby league, born 1986)"
17337527,"Hindu Succession Act, 1956"
17337530,Battle of Tempsford
17337540,Bekker Port
17337549,Erich Bautz
17337559,Centre for Research on the Epidemiology of Disasters
17337560,Jean-Santos Muntubila
17337570,Tinopolis
17337577,Shin-nakano Station
17337594,Graphium codrus
17337598,Gary Beckman
17337621,Billy Horner
17337628,Hanns Seidel
17337644,Edgar Fournier
17337665,AM-906
17337669,Mando II
17337670,Dick Conner
17337679,Levon Jones
17337681,Lebanon national futsal team
17337713,Malva neglecta
17337726,2007–08 Eccellenza
17337727,Arthur Davidson (equerry)
17337738,Arthur Davidson
17337764,Ken Hale (footballer)
17337778,Ken Lee
17337782,Clevudine
17337791,Len Richley
17337797,Jag Mundhra
17337799,Sport in Catalonia
17337820,Ghost Online
17337823,George Irwin (football manager)
17337829,AM-905
17337830,Lykes Brothers
17337840,Bill Forrest
17337855,Mints of Scotland
17337857,Matri
17337861,Jack Surtees
17337877,Mika Helkearo
17337879,HMS Euphrates (1866)
17337880,Jack Fairless
17337881,Shimonita Station
17337882,Communications training
17337893,Amara littoralis
17337898,Amara aeneopolita
17337901,Dick Jackson
17337902,Amara alpestris
17337906,Amara alpina
17337910,Amara ambulans
17337913,Amara americana
17337921,D. J. Sindh Government Science College
17337922,Amara amplipennis
17337926,Amara angustata
17337937,Positivity
17337945,Amara anthobia
17337948,Amara apachensis
17337950,Amara apricaria
17337951,HMS Crocodile (1867)
17337952,Amara armeniaca
17337954,Australia–Zimbabwe relations
17337955,Amara aulica
17337958,Amara aurata
17337960,Amara aurichalcea
17337963,Amara avida
17337966,Amara basillaris
17337967,Negativity
17337969,Scissors in the Sand
17337970,Amara belfragei
17337981,AM-855
17337982,Amara biarticulata
17337983,100th Indiana Infantry Regiment
17337984,Luke Cheevers
17337987,Amara bifrons
17337989,Sendaira Station
17337990,Htawgaw
17337994,Amara blanchardi
17337995,Amara bokori
17337999,Amara deparca
17338003,Amara brevicollis
17338004,Htawmshing
17338005,Amara browni
17338006,Nutley Windmill
17338007,Amara brunnea
17338009,Htingra
17338010,Affton School District
17338017,Ichake
17338021,Amara californica
17338023,Kangfang
17338030,Ko-hkang
17338034,Lagut
17338040,Lagwi
17338044,Amara carinata
17338047,Amara confusa
17338049,Amara castanea
17338051,La-hok
17338058,Amara celiana
17338060,Laichupo
17338061,Amara chalcea
17338063,Amara chaudoiri
17338070,Amara coelebs
17338071,Southwest Junior College Football Conference
17338072,Amara colvillensis
17338074,Amara communis
17338084,A.S.D. S.C. Nissa 1962
17338085,DWAV
17338087,Combined word
17338088,Lamuk
17338094,Langyang
17338095,Nicolas Bodington
17338101,Laokam
17338108,Laotiki
17338115,La-tai
17338118,Lauhkang
17338126,La-uho
17338127,W. L. Lane
17338132,Laukkam
17338148,Lauksauk
17338163,William Whitaker
17338190,Ali Murtaza
17338193,Västervik Speedway
17338204,HMS Malabar (1866)
17338212,Juan Guillermo More
17338224,Loscoe
17338232,Kenneth Abendana Spencer
17338244,Keith Williams (baseball)
17338245,Shire of Allora
17338266,Megan Dorman
17338272,Tommy McQueen
17338276,Greeks in Austria
17338278,Brunswick Town Historic District
17338292,AMG-1
17338295,Launggyaung
17338299,Famulus
17338301,Launghpam
17338304,Laungkaw
17338308,Lawngkyaw
17338309,Hiku
17338329,Mara Carfagna
17338333,Battle of the Beaufort (1982)
17338336,Shire of Glengallan
17338337,Roman Catholic Deanery of Sumy
17338358,Chris Hook
17338359,Jay Acovone
17338385,Joe Rosselli
17338406,Carlo Scorza
17338418,Unified European Left Group
17338439,NJCAA Region 23
17338440,Shire of Rosenthal
17338452,Waltham Town Lock
17338471,Art of the Devil
17338476,Sergio Valdez
17338512,María Cristina Gómez
17338531,Pål Grotnes
17338532,Junda Iman Gunda
17338549,Jim Jackson (Australian rules footballer)
17338551,Hartmut Lutz
17338567,Hugh Verity
17338570,Kosovans in the United Kingdom
17338587,Ji Chaozhu
17338637,Løren Line
17338699,WINZ
17338716,Lontin
17338717,Into the Darkness
17338722,Luchang
17338726,Lukpwi
17338729,Iowa City metropolitan area
17338734,Luksang
17338737,Lungpang
17338743,Machulo
17338748,Magawng
17338755,Mang-ai
17338757,John Esplen
17338759,Mangpyaw
17338767,André Gillois
17338771,Jandola
17338779,"Mangtong, Chipwi"
17338796,Mukhkaung
17338798,Bilal El Najjarine
17338800,Mukkaung
17338810,Mukyaw
17338813,2004–05 Fulham F.C. season
17338819,Blue cow
17338822,"Mum, Chipwi"
17338823,Eric Kennington
17338832,Myauknaw
17338835,J &amp; J
17338836,Myukhpyaw
17338845,Nahpaung
17338850,Nakyam
17338871,"Ramblewood, Baltimore"
17338875,Ray of light (disambiguation)
17338878,Télé Match
17338916,Bad title
17338919,Nalaw
17338927,Nang-u
17338956,Oslo Package 3
17338962,Charles Gwynn
17338969,Pierre Bellemare
17338974,Bad title
17338989,Napok
17338995,Nasup
17338998,"Nayang, Myanmar"
17339008,Ngamaw
17339014,Nightmare Creatures II
17339018,Pyramus (disambiguation)
17339025,Ngawagyalaw
17339028,Never Apart
17339032,Ngawapaka
17339035,Ngawlawngtam
17339041,Paingmaw
17339058,Thisbe (disambiguation)
17339063,Pammyaw
17339066,Ergin Ataman
17339073,Ali Askar Lali
17339089,Pangli
17339101,Pangmawjang
17339102,Mathis Olimb
17339112,Pawahku
17339114,André Girard (1901–1968)
17339116,Pawngen
17339118,Bakti Negara
17339123,André Girard
17339131,Pawzang
17339139,Pwisang
17339143,Pyiloi
17339149,Rgangpi
17339151,Chatham Island (Western Australia)
17339153,The Oliver Group Champions Cup
17339154,Ritjaw
17339162,Woman in the Moon (disambiguation)
17339171,Mississippi Association of Community &amp; Junior Colleges
17339172,Khaled Hamieh
17339181,Ritpan
17339186,Bad title
17339201,Ritsang
17339206,Rittong
17339214,Rukchaung
17339218,Ariston Café
17339220,Sadulaw
17339229,Sanliangho
17339231,Frog Mobile
17339234,Rann
17339235,The Residences at the Ritz-Carlton Grand Cayman Legends Championship
17339237,Old Dam
17339243,Princess Cays
17339253,Manggarai people
17339278,Karel Aalbers
17339279,Matchless G3/L
17339285,Champions Cup Boston
17339295,André Girard (1909–1993)
17339299,"Sanyu, Chipwi"
17339302,Saulang
17339318,Elides
17339334,"Sawlaw, Chipwi"
17339344,Sawnkyawn
17339348,The Championships at the Palisades
17339376,2008 Moscow Victory Day Parade
17339378,Lycée Français du Caire
17339404,Croix du combattant volontaire
17339405,Sha-an
17339411,Cross of the Resistance Volunteer Combatant
17339412,Shachinpok
17339421,ELH (disambiguation)
17339422,C3a (complement)
17339428,Stanford Championships
17339432,Sha-on
17339449,RNA immunoprecipitation chip
17339451,Alan Hunte
17339454,Bad title
17339457,Theodore Price
17339476,Kirk Ireton
17339481,Murano Station
17339489,Kōzu Station (Osaka)
17339496,Mango Street
17339499,Shaotangpa
17339506,Shapok
17339509,Shapyi
17339510,Conradus
17339512,Gesnerus
17339516,Medal for the War Wounded
17339521,Katanoshi Station
17339527,Blasting and Bombardiering
17339539,Kawachimori Station
17339540,Cardiothoracic anesthesiology
17339554,Kisaichi Station
17339565,SS Jeddah
17339573,Shijang
17339580,Ian Dennis (football commentator)
17339581,"Shimao, Chipwi"
17339589,Shitzaw
17339590,Jodie Prenger
17339595,Sinhkung
17339603,Sipe-hkalaw
17339607,The Goddess of Ganymede
17339611,The Legends Rock Dubai
17339612,Taiawhtu
17339619,Morris Talansky
17339629,"Talam, Myanmar"
17339636,"Tamna, Myanmar"
17339645,Thurvaston
17339647,Tangahka
17339658,Tangkyin
17339675,National Security Council (Sri Lanka)
17339679,Giovanni Assenza
17339687,Tangtong
17339692,Ganapathi Vignesh
17339700,Chronology (disambiguation)
17339704,King Garcia
17339718,One World Yellow Pages
17339731,Albert Wijuk Kojałowicz
17339732,Spud gun
17339757,Tangtung
17339766,Taumangyang
17339786,Tawngkaw
17339806,Tawung
17339812,Theyaw
17339815,Time Bomb (2006 film)
17339823,María Gómez
17339824,Emi
17339828,Tingram
17339838,Tsawlang
17339843,Phil Tate
17339846,Tsonma
17339854,Tumpyaw
17339855,Anjuman
17339862,Tunhpaung
17339863,Tram route 3 (Antwerp)
17339871,Valao
17339873,Yellow Bird (company)
17339880,Wachao
17339883,Scott Cooley
17339888,Octopus (comics)
17339891,Wachutaing
17339900,Wachyawn
17339906,Wakyang
17339914,James Sheridan
17339916,Wa-na
17339917,Cost-effective minimum water network
17339923,Wanghte
17339930,Wasawng
17339938,Washawma
17339940,Borovitskaya (Moscow Metro)
17339948,Wasok
17339953,Lactol
17339954,Wuhpatu
17339961,Wusaohkao
17339968,Wutze
17339970,Yinchyingpa
17339973,"Maria of Bulgaria, Latin Empress"
17339980,Water management hierarchy
17339983,Yindam
17339984,Cintura (album)
17339985,James Thursfield
17339986,Shalaw
17339996,International Tennis Hall of Fame Champions Cup
17340013,Rhythm Plate
17340018,City of Warwick
17340029,"Valley Forge, York County, Pennsylvania"
17340032,Cancer Treatment Centers of America Championship at Surprise
17340059,Systematic hierarchical approach for resilient process screening
17340068,Hjärtum
17340069,Daimotsu Station
17340100,Dekijima Station
17340112,Selke
17340114,Fuku Station
17340125,Dempō Station
17340127,Power FM (radio network)
17340136,Chidoribashi Station
17340143,One Wish (for Christmas)
17340146,Al-Muwaffaq
17340167,Je marche seul
17340185,Church of Scientology Western United States
17340194,VirtualLogix
17340253,Lowland heath
17340263,Esther Sumner Damon
17340285,Greb
17340295,May District
17340300,Brosscroft
17340313,Dean Richards
17340316,Grand Enchantment Trail
17340321,Dean Richards (rugby union)
17340340,"Sharpe, Paley and Austin"
17340355,2008–09 Phoenix Suns season
17340361,Bichon au citron
17340365,Restless (Shelby Lynne album)
17340369,Edith Wilson (singer)
17340385,Oscar Wergeland
17340400,Dahlak SC
17340412,Antonio Annarumma
17340421,Annie Baker
17340422,TYN
17340458,Hand drill (hieroglyph)
17340504,Cross-stringing
17340512,Sight (Keller Williams video)
17340515,Henry Lapczyk
17340550,King's Head Mill
17340566,TouchStone Software
17340630,List of Aero California destinations
17340634,Arthur Luther Whitaker
17340648,Video portal
17340676,Ryan Carrassi
17340684,Red Shadows (Howard book)
17340699,B'nai Israel Synagogue (Baltimore)
17340707,Pamela Jelimo
17340716,Roro Chu
17340725,Rimiterol
17340746,Franz Surges
17340762,Jay Westerveld
17340770,Kay Street–Catherine Street–Old Beach Road Historic District
17340773,Carbuterol
17340783,Helmut Gutiérrez
17340789,Camden County Technical Schools Gloucester Township Campus
17340791,Matthew Joyce
17340808,Ratey Chu
17340814,Eric Devendorf
17340816,Environmental reporting
17340817,Tulobuterol
17340829,"Robert Byron, 13th Baron Byron"
17340837,Little Compton Common Historic District
17340869,Somersal Herbert
17340874,Wrestling at the 1920 Summer Olympics – Men's Greco-Roman middleweight
17340886,Lawton–Almy–Hall Farm
17340887,Hand to Mouth (album)
17340909,Arkils tingstad
17340934,Adriana DeMeo
17340946,Harpoon (hieroglyph)
17340955,Khan Abdul Bahram Khan
17340960,Newport Steam Factory
17340971,Hassan (surname)
17340975,Keller Williams Realty
17340986,Daniel Evans (Welsh poet)
17341003,Fujitsu Micro 16s
17341009,Lucas–Johnston House
17341011,Ḥazzan (surname)
17341012,List of Volaris destinations
17341013,William Bunting Snowball
17341018,Family of Bahram Khan
17341044,Balch
17341045,Francis Malbone House
17341050,Jay Papasan
17341054,Bandy (disambiguation)
17341062,List of Romanian football transfers 2008–09
17341064,Christopher Snowden
17341065,Dave Jenks
17341092,Wrestling at the 1920 Summer Olympics – Men's Greco-Roman light heavyweight
17341094,"Woodbourne Heights, Baltimore"
17341119,Capt. John Mawdsley House
17341131,It Was All a Dream (Lil' Keke album)
17341143,FAQs (film)
17341153,Artnet
17341173,Government College for Women Dhoke Kala Khan
17341179,1812 Homestead Farm and Museum
17341180,Speaking in Strings
17341195,Cooperative Bank of Tarlac
17341212,Nelson Cruz (disambiguation)
17341227,John Baptist Yi Kwang-nyol
17341232,Miantonomi Memorial Park
17341236,16 @ War
17341245,"Magasa, Crete"
17341258,Unitarian Universalist Service Committee
17341260,Abia Nale
17341265,Pesi Shroff
17341279,Keshav Prasad Mainali
17341286,Magasa
17341307,Ochre Point–Cliffs Historic District
17341340,Phillipps
17341361,Baron Tornado Index
17341380,Barrio de la Concepción (Madrid Metro)
17341413,Ozark Henry discography
17341416,Old Friends Archeological Site
17341427,Paolo Maria Nocera
17341444,St. Margaret's Secondary School
17341456,The Religion
17341465,Pauw
17341486,Philipps
17341516,"Portsmouth Friends Meetinghouse, Parsonage and Cemetery"
17341532,Exhilaration
17341537,Robert Owen (theologian)
17341546,JTG Daugherty Racing
17341552,Cameron McGlinchey
17341559,Phillippe
17341570,Chiyoda Corporation
17341573,Wrestling at the 1920 Summer Olympics – Men's Greco-Roman heavyweight
17341589,Charles Tillinghast House
17341592,May 2008 in sports
17341593,Terry Connor
17341599,"Administration Building, Carnegie Institution of Washington"
17341614,Neijing
17341615,Armstechno NITI
17341617,Phouvong district
17341618,Perlachturm
17341621,John Tillinghast House
17341625,Wood Brothers Racing
17341628,Wood Brothers
17341636,Hounslow Chronicle
17341639,Ek Nath Dhakal
17341653,MMX
17341657,k.d. lang discography
17341659,Thomas Son Chasuhn
17341666,Angharad Mair
17341667,Taylor–Chase–Smythe House
17341675,Bill Radovich
17341701,Plutarch (disambiguation)
17341725,Nasim Wali Khan
17341741,Gary W. Keller
17341745,Sanamxay district
17341760,Bukta
17341765,Sangeen Wali Khan
17341768,Stone House Inn
17341774,Josiah Mills
17341778,C. Maxwell Stanley
17341781,Sanxay district
17341786,"Afton, Virginia"
17341789,Refusenik (film)
17341805,List of British bantamweight boxing champions
17341814,Saysetha district
17341828,"Joseph Rogers House (Newport, Rhode Island)"
17341832,Stanley Consultants
17341873,Meung district
17341874,Luis Ureta Sáenz Peña
17341876,Van Zile
17341887,Pak Tha district
17341891,Zile (disambiguation)
17341892,Stanley Center for Peace and Security
17341897,BarbieGirls.com
17341911,Pha Oudom district
17341913,Osborn–Bennett Historic District
17341920,In G Major
17341934,Leuenbergeria quisqueyana
17341935,John Sciandra
17341937,Ton Pheung district
17341939,Gloria Coleman
17341962,Eagle Dynamics
17341964,List of Trinity Western University people
17341965,"Pine Hill Archeological Site, RI-655"
17341974,N1 League
17341981,Galit Hasan-Rokem
17341983,Suzuki Intruder
17341986,Mark W. Willis
17341988,Borikhane district
17341990,Kampe
17341999,Zila
17342000,Terry Alexander
17342022,Mikhail Kerzhakov
17342035,Singers in the Shadows
17342043,Paradise School
17342055,The Misfit (TV series)
17342057,"Cathedral Basilica of the Assumption, Pelplin"
17342097,"Little Portugal, Toronto"
17342112,Aimé Dossche
17342113,Mikhail Pavlov (politician)
17342127,Trillium decumbens
17342128,Michael Yeargan
17342137,Eunuch (disambiguation)
17342143,Elliott Dodds
17342146,Hayden pass
17342148,Becca (musician)
17342159,Unfair prejudice in United States evidence law
17342187,Yannis Philippakis
17342188,Kaminoyama Castle
17342193,Mast (hieroglyph)
17342201,Jarlath Conroy
17342230,1968–69 Boston Celtics season
17342240,Tim Hatley
17342261,1947–48 Boston Celtics season
17342278,1975–76 Boston Celtics season
17342279,Khamkeut district
17342287,1965–66 Boston Celtics season
17342299,1967–68 Boston Celtics season
17342304,House of Clergy
17342308,1973–74 Boston Celtics season
17342309,An Ocean in the Air
17342311,Pakkading district
17342316,House of Laity
17342325,Canning Club
17342338,Anton Muttukumaru
17342353,Bed of Gold
17342369,Thaphabat district
17342405,Archbishops' Council
17342414,Yankton High School
17342416,John Woodworth (New York politician)
17342432,Medway Council elections
17342483,Sambucus peruviana
17342491,"Viengthong district, Bolikhamsai"
17342520,Gloria Galeano Garcés
17342524,Cowden Clarke
17342533,Richard Liberty
17342548,Batiengchaleunsouk district
17342556,Howard Bay (designer)
17342560,Bhagya Chakra
17342655,Champassack district
17342660,Cowden (disambiguation)
17342663,Larry Jennings
17342667,"Khong district, Laos"
17342693,Dream Brother: The Songs of Tim and Jeff Buckley
17342696,Mounlapamok district
17342700,Loosely Tight
17342762,Viengthong district
17342771,Powder Magazine
17342778,Dhoop Chhaon (1935 film)
17342786,Paksong district
17342790,Matthias B. Hildreth
17342819,Pathouphone district
17342824,Dreamtime (musical)
17342829,Slieve Gallion
17342831,Voo Nocturno
17342834,Uppland Runic Inscription 328
17342848,J. W. Fiske &amp; Company
17342850,Phonthong district
17342878,Sanasomboun district
17342884,Berthold Landauer
17342900,Soukhoumma district
17342904,Saint Karas
17342923,Catlin (surgery)
17342924,Jim Milburn
17342938,Gan Bao
17342944,Richard Warwick
17342945,Allen Street Historic District
17342950,Jongno (disambiguation)
17342955,"Moore, Oklahoma tornado"
17342976,Tevis Clyde Smith
17342983,Allendale Mill
17342986,I'm Seeking Something That Has Already Found Me
17342996,Dane Prugh
17342998,Houameuang district
17343002,Rotation flap
17343047,Samtay district
17343054,Owabi Wildlife Sanctuary
17343063,"Viengthong district, Houaphanh"
17343069,Allenville Mill Storehouse
17343078,Mutah University
17343082,Viengxay district
17343095,Xiengkho district
17343105,Derek Attridge
17343110,Heavy Blinkers
17343113,Drishtidan
17343125,Anne Rapp
17343132,Fernando González (writer)
17343146,Andrews–Luther Farm
17343184,Yuri Levitan
17343198,Folger
17343203,Daniel Angell House
17343239,Angell–Ballou House
17343250,Life and Letters
17343267,Peter Yu Tae-chol
17343273,Arkwright Bridge
17343292,Master of the Bamberg Altar
17343320,Arnold Mills Historic District
17343325,Hayden Mountain (Oregon)
17343346,Dexter Arnold Farmstead
17343368,Castle of Ourém
17343389,Craig Coleman
17343390,Boualapha district
17343404,Cutting Room Floor (album)
17343462,Clevidipine
17343464,Albert Keep
17343468,Bunker Hill Elementary School
17343497,Displacer (disambiguation)
17343499,Shane Neumann
17343505,AuthorAID
17343506,Ill Chemistry
17343511,Jehan
17343512,KCHX
17343517,Hellenism
17343536,New Music Economy
17343538,Naam Iruvar (1947 film)
17343541,Tabourot
17343542,This Is My Element
17343573,Royal Western India Turf Club
17343590,Roberto Ampuero
17343593,Arthur Melmoth Walters
17343607,Wirek
17343615,Come to Me (France Joli song)
17343640,Arthur Walters
17343688,Lago di Alserio
17343708,Hineboun district
17343717,Clint Halden
17343724,Cornett Wood
17343735,Lone Star Elementary School
17343738,Mahaxay district
17343747,Nakai district
17343750,Rub It Better
17343754,Yadava College
17343755,Nong Bok district
17343762,Xaibouathong district
17343768,Der letzte Tag (Tokio Hotel song)
17343769,Sebangphay district
17343775,Nathan Furst
17343783,Kazadi Mwamba
17343809,Gibson Alba
17343829,Mexican American Legislative Caucus
17343834,Opportune
17343861,Gonna Get Over You
17343911,Yommalath district
17343938,The Armory Show (art fair)
17343940,Querida enemiga
17343942,"Raspberry, British Columbia"
17343950,David Akui
17343954,Milford Junction
17343962,Red Blades of Black Cathay
17343967,Maryland Route 586
17343985,Othmarschen
17344017,Classical Music Indy
17344032,Tonight (France Joli album)
17344035,Kham district
17344039,PRODES
17344048,McLane High School
17344064,159 Regiment RLC
17344065,Khoune district
17344072,FC Polotsk
17344079,Mok May district
17344084,Durophagy
17344089,Catherine Ferry (singer)
17344093,Nong Het district
17344095,Niloufar
17344097,Elias Kifle
17344109,Phaxay district
17344117,Phou Kout district
17344129,Alma Karlin
17344137,Gwanghui-dong
17344140,Fidélitas University
17344141,Sleeper Sullivan
17344142,Welcome to the Jungle (2007 film)
17344144,Hasina Miya
17344166,Brunellopoli
17344167,Silvia Azzoni
17344170,Beautiful Future
17344184,Long Is the Road (Américain)
17344188,90th Fighter Squadron
17344190,Alexander Allen (stylist)
17344193,Keystone NK
17344204,Maryland Route 182
17344216,Frank Galbreath
17344227,Hoehyeon-dong
17344235,Ewn Garabandal
17344239,William Willis
17344249,Atsaphangthong district
17344255,Assaphone district
17344260,Sindang-dong
17344266,Champhone district
17344271,"Peabody School (Eastman, Georgia)"
17344275,Khanthaboury district
17344280,Marlborough railway stations
17344281,Biswendra Paswan
17344283,Nong district
17344287,Outhoumphone district
17344290,"Mayfield, Baltimore"
17344307,Phine district
17344310,Cheltzie Lee
17344315,Seponh district
17344324,Songkhone district
17344326,Omar M. Yaghi
17344346,Sibson-cum-Stibbington
17344348,2008 Coventry City Council election
17344357,2nd Corps (Army of the Republic of Bosnia and Herzegovina)
17344367,Ark Acton Academy
17344369,200 South Wacker Drive
17344372,"Sibson, Cambridgeshire"
17344373,William Benning Webb
17344374,Campeonato Nacional de Interligas
17344380,Anna Pak Agi
17344393,Thapangthong district
17344404,Granite Range
17344413,Harley Parker
17344414,1951 Luxembourg general election
17344419,Johanna Allik
17344421,Thaphalanxay district
17344429,Buddha Sayami
17344431,Viraboury district
17344437,Bryce Crawford
17344439,Copulative
17344441,First Student
17344442,Xayboury district
17344464,Xonboury district
17344483,"Cauê (footballer, born 1987)"
17344489,"Long district, Laos"
17344490,Master of the Třeboň Altarpiece
17344507,Na Le district
17344509,Joseph Alfred Lamy
17344510,1994–95 Boston Celtics season
17344519,Downtown Melrose
17344523,1993–94 Boston Celtics season
17344541,Mavuba Mafuila
17344545,Viengphoukha district
17344553,Alberto Estima de Oliveira
17344555,1992–93 Boston Celtics season
17344557,Railroad of Hope
17344572,Momordica dioica
17344573,1991–92 Boston Celtics season
17344582,1990–91 Boston Celtics season
17344589,2006 China Open (tennis)
17344601,Help
17344608,1989–90 Boston Celtics season
17344627,Percussion Bitter Sweet
17344636,Drumma Boy
17344638,William Willis (sailor)
17344640,1988–89 Boston Celtics season
17344644,1987–88 Boston Celtics season
17344651,1984–85 Boston Celtics season
17344658,Lake Yoa
17344663,1979–80 Boston Celtics season
17344668,Agriculture &amp; New York State Horse Breeding Development Fund
17344670,1978–79 Boston Celtics season
17344679,Sebaki Devi Das Tatma
17344685,1977–78 Boston Celtics season
17344697,Black Partridge (chief)
17344732,Everybody Knows Johnny Hodges
17344738,Abdul Hamid Khan (general)
17344739,Anamika
17344758,Human red cell antigens
17344768,"Sir Edward Sassoon, 2nd Baronet"
17344778,Jonel Perlea
17344780,Turnaround (refining)
17344784,Martin Hanford
17344793,1960 East Carolina Pirates football team
17344795,1961 East Carolina Pirates football team
17344800,National Electoral Court of Bolivia
17344803,1962 East Carolina Pirates football team
17344805,Israel Arnold House
17344811,1963 East Carolina Pirates football team
17344814,"Heritage Mill, North Chailey"
17344815,Optional federal charter
17344817,1964 East Carolina Pirates football team
17344821,Austin O'Malley
17344822,1965 East Carolina Pirates football team
17344823,Jungnim-dong
17344829,1966 East Carolina Pirates football team
17344834,1967 East Carolina Pirates football team
17344837,Damber Dhoj Tumbahamphe
17344841,"John Arnold House (Woonsocket, Rhode Island)"
17344849,1968 East Carolina Pirates football team
17344859,1969 East Carolina Pirates football team
17344862,Boycott of Guantanamo Military Commissions
17344916,Purna Kumar Sharma Limbu
17344918,Copa San Isidro de Curuguaty
17344927,1989–90 Orlando Magic season
17344938,120 (film)
17344939,"Ashton Historic District (Cumberland, Rhode Island)"
17344968,Index of Utah-related articles
17344973,The Legend of White Fang
17344975,"Ballou House (Lincoln, Rhode Island)"
17344978,Motley Theatre Design Group
17344981,1958–59 United States network television schedule (daytime)
17344984,En Vivo: Desde México
17344995,Burn (Defiance EP)
17345009,Lease automatic custody transfer unit
17345012,Samuel Gesser
17345014,Ballou–Weatherhead House
17345024,Ban Arapruich
17345041,Battey–Barden House
17345044,Index of New Mexico–related articles
17345061,Victor Fétique
17345084,Ban Chom
17345107,2007 Ordina Open – Women's singles
17345112,Berkeley Mill Village
17345113,Damber Singh Sambahamphe
17345131,Ray Wetzel
17345140,Bangsan-dong
17345185,Children of Rain
17345186,Scianna antigen system
17345204,Kul Bahadur Gurung
17345211,Bill Smiley
17345217,Lawrence Webb
17345245,Ban Dak-Lay
17345262,2008 Harlow District Council election
17345264,Donna Logan
17345265,George Matthews (musician)
17345271,1990 East Carolina Pirates football team
17345274,Ban Ekchoum-Phoukaniang
17345277,Milton Keynes College Lions basketball academy
17345282,Lake Shirwa
17345284,1991 East Carolina Pirates football team
17345290,1992 East Carolina Pirates football team
17345299,1993 East Carolina Pirates football team
17345302,Ban Gnangteu
17345303,1994 East Carolina Pirates football team
17345304,1905–06 Southern Football League
17345311,1996 East Carolina Pirates football team
17345312,1997 East Carolina Pirates football team
17345319,1998 East Carolina Pirates football team
17345321,Catherine Zuber
17345324,1999 East Carolina Pirates football team
17345325,Ban Khouy
17345370,André Richaume
17345372,Dharma Prasad Ghimire
17345374,Leonids Dreibergs
17345376,Ban Kong-Ek
17345380,John Baselmans
17345396,Bill Cristall
17345399,"Hapton, Lancashire"
17345408,Heungin-dong
17345443,Jimmy Butts
17345450,Da-dong
17345452,Patrick Laude
17345460,Tanar of Pellucidar
17345461,General-purpose heat source
17345470,Thurston TA16 Trojan
17345471,Ban Kongmi
17345475,Kouichi Yamashita
17345488,Federation of Islamic Organizations in Europe
17345505,Ban Lapoung
17345518,John Chryssavgis
17345539,Inhyeon-dong
17345540,Benjamin P. Yudin
17345545,Ban Lomlay
17345563,Howard Nostrand
17345579,Ti Green
17345581,Ban Namavong Noy
17345596,Restore
17345634,Ban Onglouang
17345635,Derek Denny-Brown
17345642,DJ Reach
17345656,The Devil's Beat
17345675,1941 in the Soviet Union
17345676,Marcus Beresford (Conservative politician)
17345680,Ban Pakha
17345691,Ko Kret
17345702,Ban Phiadouang
17345712,Fred Holland
17345716,Melly Still
17345722,Jack Gleason
17345761,List of image-sharing websites
17345818,Bernon Worsted Mill
17345840,New World Foundation
17345845,Yemenis in the United Kingdom
17345848,Michelle Sy
17345871,Blackwall Buildings
17345881,Hometown Tales
17345888,Broom of the Cowdenknowes
17345901,2000 United States presidential election in Alabama
17345907,El Kabir Pene
17345954,Tony Duquette
17345959,Pontus Norgren
17345982,Ban Phiaha
17345990,Ban Phiakhamdaonang
17345994,2007 Ordina Open – Women's doubles
17345999,Organic food
17346024,Piermatteo Lauro de' Manfredi da Amelia
17346027,Ban Phomoun Gnai
17346038,"Pep, New Mexico"
17346041,The Hanged Man (1964 film)
17346094,2006 Rally México
17346101,Bongnae-dong
17346118,Chris Judge (archaeologist)
17346154,European Tour 1995
17346172,Best Days in the Sun
17346173,Ban Senkhamphon
17346176,1996–97 Macedonian First Football League
17346180,Federation of Internet Solution Providers of the Americas
17346193,Ban Phokandong
17346214,Ban Thattamo
17346223,Bicknell–Armington Lightning Splitter House
17346264,Bud McLearn
17346271,Cho-dong
17346275,Breezy Hill Site (RI-957)
17346276,George Seward (baseball)
17346283,S. Darko
17346307,"Tangi, Pakistan"
17346309,2007 Ordina Open – Men's doubles
17346319,Charles Thomas Ireland Jr.
17346370,Picaresque (disambiguation)
17346373,Tiago Carneiro
17346374,Slab stela
17346392,Baltimore City Hall
17346397,Toyota Corolla (E10)
17346400,Eric Sanders (American football player)
17346411,Ban Vianglouang
17346412,Toyota Corolla (E20)
17346413,Vittorio Culpo
17346419,Toyota Corolla (E30)
17346433,Toyota Corolla (E70)
17346439,Laura Gibson
17346443,Toyota Corolla (E90)
17346444,Harry McCaffery
17346451,Bert E. Haney
17346456,Toyota Corolla (E100)
17346460,Ned Liddle
17346462,Toyota Corolla (E110)
17346464,Toyota Corolla (E120)
17346467,Toyota Corolla (E140)
17346473,Ban Phialu Noy
17346486,Coote Synge-Hutchinson
17346491,Gregg Barnes
17346500,Franciszek Antoni Kwilecki
17346505,Ban Renthuk
17346506,Viva la Vida Tour
17346528,Ipjeong-dong
17346549,Dyshod Carter
17346551,C'est ta chance
17346563,Toyota Corolla (E80)
17346569,Ban Phiaseuk
17346577,Martin Ostwald
17346583,Blanche K. Bruce House
17346586,Cannonball (missile)
17346623,Fay McKay
17346636,Jeong-dong
17346648,Giuseppina Ronzi de Begnis
17346696,Giacomo Ricci
17346724,San Joaquín de Flores
17346741,List of Aeromar destinations
17346744,Mascoutah Community Unit School District
17346764,Franco Da Dalt
17346774,China–Pakistan Power Plant Corporation
17346793,George Grimson
17346801,List of people from Lleida
17346806,No Future No Hope
17346810,EA Bright Light
17346820,Beardstown Community Unit School District 15
17346823,Allsup's
17346849,Mugyo-dong
17346860,Cotangent complex
17346879,"Rhyd, Gwynedd"
17346885,Ezequiel Maderna
17346895,Mannhai
17346912,Dean Hassard
17346920,"Cala, My Dog!"
17346948,A¹ homotopy theory
17346954,1999 Kids' Choice Awards
17346957,Nuclear holocaust
17346967,Janggyo-dong
17347027,"Sir Thomas Rich, 1st Baronet"
17347033,Haakon Arntzen
17347053,Society of Mexican American Engineers and Scientists
17347073,Virginia Community Unit School District 64
17347091,Neil Davis
17347099,Tom Rob Smith
17347112,Round tuit
17347115,Brokedown Palace (novel)
17347117,Shove It
17347140,South Carolina State Armory
17347161,Mate Meštrović
17347166,Amatgyigon
17347173,1977 Australian Sports Sedan Championship
17347180,Bob Peirce
17347218,List of United States Air Force air control squadrons
17347226,Ikarus IO
17347231,"Grasping the large, letting go of the small"
17347249,Light S.A.
17347295,Paul Chong Hasang
17347311,Felix Lewandowsky
17347355,Franne Lee
17347361,Exclusive buyer agent
17347376,Queenie Leonard
17347387,Aung Yang
17347396,B2W
17347401,"Bogon, Shwegu"
17347412,Bumsi
17347427,"Buwa, Shwegu"
17347440,"Chinlon, Shwegu"
17347443,Kerouac: Kicks Joy Darkness
17347449,Heinun
17347452,Green–Davies–Mingos rules
17347461,Hgnettada
17347465,Jeo-dong
17347472,Stern–Gerlach Medal
17347481,Pakistan Nuclear Power Fuel Complex
17347520,Steve Roslonek
17347524,Ta'til
17347546,Otto Hahn Medal
17347564,Frailty (The Banner album)
17347566,Mompiche
17347567,Lake Ikeda
17347599,List of Aviacsa destinations
17347639,Lojas Americanas
17347641,Jugyo-dong
17347653,Gerd Ruge
17347662,Masao Kinoshita
17347698,K. J. Stevens
17347713,Matanzas (disambiguation)
17347729,McMaster School
17347737,Acom
17347746,Josef Korbel School of International Studies
17347748,Mikuni (company)
17347758,Bryan Niven
17347764,Tuolumne Grove
17347770,Flat Baroque and Berserk
17347803,George Durrant
17347813,Guenter Heim
17347814,Michael Galloway
17347845,"Mad, Bad and Dangerous to Know (The Cross album)"
17347851,Sander Gliboff
17347863,Giant pangasius
17347878,Lev Yilmaz
17347891,Empresas Públicas de Medellín
17347911,Senior Community Service Employment Program
17347967,Out of the Sun
17347985,Igopogo
17348004,Les Sweetland
17348022,The Last of the Mohicans (TV series)
17348024,Myōkaku Station
17348073,Janez Bleiweis
17348082,"Juruti, Pará"
17348105,1999 Chamoli earthquake
17348115,Ogawamachi Station (Saitama)
17348119,Mike Galloway (footballer)
17348131,"Curti, Campania"
17348147,Walhalla Graded School
17348154,1937 Soviet Top League
17348156,Now &amp; Zen
17348158,Madhu school bus bombing
17348175,Dale Maffitt Reservoir
17348182,Luther High School North
17348193,Phil Gee
17348217,List of Dutch atheists
17348231,Tommy Goodwin (footballer)
17348237,Champagne breakfast
17348241,Poètes maudits d'aujourd'hui: 1946–1970
17348268,Neil Lewis (footballer)
17348272,Wasser
17348300,John Mann Goggin
17348309,Snooker world ranking points 2008/2009
17348310,Takezawa Station
17348321,Nishi-Shinjuku 3-Chōme Redevelopment
17348342,Carmen Silva
17348358,Orihara Station
17348371,Blue Rock (album)
17348427,Thomas W. Hyde
17348428,Reginald Laubin
17348472,"St. Philip's Church, Brunswick Town"
17348476,Bridgeton School
17348479,Paraguay national futsal team
17348504,The Contemporary Pacific
17348505,Bridgham Farm
17348510,Lake Mohawk
17348515,The Beginning of the Twist
17348520,Andrej Einspieler
17348526,Parween Hayat
17348531,Brown Avenue Historic District
17348534,Di Grassi
17348535,Waterloo Community Unit School District 5
17348545,De Grassi
17348550,Burlingame–Noon House
17348553,Norm Marshall
17348559,Wu Shuangzhan
17348566,Amounis
17348569,"Carpenter, Lakeside, and Springvale Cemeteries"
17348585,Vincentio
17348591,Cato Hill Historic District
17348608,Glasgow Citybus
17348610,Luke Carlin
17348611,Central Falls Congregational Church
17348616,Nevel (instrument)
17348628,Central Street School
17348631,National Police Intervention Groups
17348634,Yorii Station
17348645,Futsal in Paraguay
17348660,Elimination diet
17348664,Ivan Pochekin
17348667,Clayville Historic District
17348672,Jimmy Binning
17348676,Giovanni Giacomazzi
17348690,"Cherry Valley Archeological Site, RI-279"
17348699,Santangelo novels
17348709,John Cole Farm
17348730,Hkachang
17348734,Marguerite (musical)
17348735,Samuel B. Conant House
17348739,Takayuki Hamana
17348750,Hkachoyang
17348754,Amos Cooke House
17348755,Hkahkyeng
17348761,Kenneth C.M. Sills
17348765,Hkahpauk
17348775,Hkapra
17348781,Hnokkyo
17348794,Gartnavel Hospital
17348810,Hpalapyang
17348811,Bojan Štih
17348829,Hpawlam Jinghkyen
17348842,Htingrahtap
17348846,Cornell-Randall-Bailey Roadhouse
17348860,Sukumo Adabana
17348861,Bethel Methodist Church
17348880,Nathaniel Daggett House
17348899,Dougie Sharpe
17348903,Juja-dong
17348912,Henry Darling House
17348931,James Dennis House
17348941,Malli-dong
17348946,Lebanese People's Party
17348966,District 6 Schoolhouse
17348971,Muhak-dong
17348973,Tomoaki Maeno
17348988,Capt. George Dorrance House
17348995,"Zeme, Lombardy"
17349000,Mukjeong-dong
17349030,NWA Tri-State Tag Team Championship
17349031,"Double L Site, RI-958"
17349041,Seosomun-dong
17349046,Eddy Homestead
17349047,Campeonato de Futsal de Paraguay
17349083,Samgak-dong
17349090,Edgewood Historic District–Taft Estate Plat
17349106,Ariel Winter
17349115,Artur Maurício
17349121,Tatsuhisa Suzuki
17349123,Edgewood Yacht Club
